{"Loss/train_step":0.7956211566925049,"best_eval_loss":0.9398949767427014,"Loss/eval":1.0904724197598548,"shift_values_histogram":{"values":[2,0,3,0,0,1,2,1,0,1,1,1,2,3,2,0,0,1,0,1,1,1,0,3,1,0,0,0,4,1,2,2,2,0,1,2,2,1,1,1,3,0,0,3,1,2,1,1,2,0,1,2,1,1,1,2,2,1,1,6,2,0,0,1],"bins":[0.5753748416900635,0.612271785736084,0.6491686701774597,0.6860655546188354,0.722962498664856,0.7598594427108765,0.7967563271522522,0.8336532115936279,0.8705501556396484,0.907447099685669,0.9443439841270447,0.9812408685684204,1.018137812614441,1.0550347566604614,1.0919315814971924,1.128828525543213,1.1657254695892334,1.202622413635254,1.2395193576812744,1.2764161825180054,1.3133131265640259,1.3502100706100464,1.3871068954467773,1.4240038394927979,1.4609007835388184,1.4977977275848389,1.5346946716308594,1.5715914964675903,1.6084884405136108,1.6453853845596313,1.6822822093963623,1.7191791534423828,1.7560760974884033,1.7929730415344238,1.8298699855804443,1.8667668104171753,1.9036637544631958,1.9405606985092163,1.9774575233459473,2.0143544673919678,2.0512514114379883,2.088148355484009,2.1250452995300293,2.16194224357605,2.1988391876220703,2.2357358932495117,2.2726328372955322,2.3095297813415527,2.3464267253875732,2.3833236694335938,2.4202206134796143,2.4571175575256348,2.494014263153076,2.5309112071990967,2.567808151245117,2.6047050952911377,2.641602039337158,2.6784989833831787,2.715395927429199,2.7522928714752197,2.7891898155212402,2.8260865211486816,2.862983465194702,2.8998804092407227,2.936777353286743],"_type":"histogram"},"width_values_histogram":{"bins":[1.1343531608581543,1.1503156423568726,1.1662782430648804,1.1822407245635986,1.1982033252716064,1.2141658067703247,1.230128288269043,1.2460908889770508,1.262053370475769,1.2780159711837769,1.2939784526824951,1.3099409341812134,1.3259035348892212,1.3418660163879395,1.3578286170959473,1.3737910985946655,1.3897535800933838,1.4057161808013916,1.4216786623001099,1.4376412630081177,1.453603744506836,1.4695663452148438,1.485528826713562,1.5014913082122803,1.517453908920288,1.5334163904190063,1.5493789911270142,1.5653414726257324,1.5813039541244507,1.5972665548324585,1.6132290363311768,1.6291916370391846,1.6451541185379028,1.661116600036621,1.677079200744629,1.6930416822433472,1.709004282951355,1.7249667644500732,1.7409292459487915,1.7568918466567993,1.7728543281555176,1.7888169288635254,1.8047794103622437,1.820741891860962,1.8367044925689697,1.852666974067688,1.8686295747756958,1.884592056274414,1.9005546569824219,1.9165171384811401,1.9324796199798584,1.9484422206878662,1.9644047021865845,1.9803673028945923,1.9963297843933105,2.0122923851013184,2.028254747390747,2.044217348098755,2.0601799488067627,2.0761423110961914,2.092104911804199,2.108067512512207,2.124030113220215,2.1399924755096436,2.1559550762176514],"_type":"histogram","values":[3,1,1,1,1,0,3,0,1,0,1,2,0,0,1,2,2,2,0,0,0,0,3,1,0,2,4,0,1,0,1,4,1,2,3,1,2,2,0,1,2,2,1,0,1,1,2,1,1,3,1,2,0,0,0,0,3,1,3,0,0,2,3,2]},"shift_mean_layer_1":1.8127028942108154,"width_mean_layer_1":1.6294217109680176,"shift_mean_layer_2":1.6661375761032104,"shift_mean_layer_4":2.026768207550049,"Loss/test":0.9433432000654715,"width_mean_layer_2":1.5877814292907715,"_runtime":280.511396291,"width_mean_layer_4":1.789157509803772,"Loss/train":0.7882751673494787,"Loss/best_eval":0.9398949767427014,"_wandb":{"runtime":280},"width_mean_layer_3":1.655794382095337,"epoch":30,"_step":2024,"_timestamp":1.7411480563836703e+09,"shift_mean_layer_3":1.7156144380569458,"shift_mean_layer_0":1.9577633142471313,"width_mean_layer_0":1.6783090829849243}