{"shift_mean_layer_2":1.7047162055969238,"best_eval_loss":0.8351815152175397,"shift_mean_layer_3":1.764418601989746,"shift_mean_layer_0":1.9961068630218506,"shift_values_histogram":{"_type":"histogram","values":[2,3,1,2,3,1,2,4,2,3,1,2,2,4,1,2,0,1,1,1,1,2,1,1,3,2,0,1,3,3,2,1,2,4,1,3,0,5,5,5,2,2,1,3,2,1,1,2,3,0,1,6,1,0,2,2,3,2,2,3,4,0,1,1],"bins":[0.5766498446464539,0.6139731407165527,0.6512964367866516,0.6886197328567505,0.7259430289268494,0.7632663249969482,0.8005896210670471,0.837912917137146,0.8752362132072449,0.9125595092773438,0.9498828053474426,0.9872061014175415,1.0245294570922852,1.0618526935577393,1.099176049232483,1.136499285697937,1.1738226413726807,1.2111458778381348,1.2484692335128784,1.2857924699783325,1.3231158256530762,1.3604390621185303,1.397762417793274,1.435085654258728,1.4724090099334717,1.5097322463989258,1.5470556020736694,1.5843788385391235,1.6217021942138672,1.6590254306793213,1.696348786354065,1.733672022819519,1.7709953784942627,1.8083186149597168,1.8456419706344604,1.8829652070999146,1.9202885627746582,1.9576117992401123,1.994935154914856,2.0322585105895996,2.0695817470550537,2.106904983520508,2.144228219985962,2.181551694869995,2.218874931335449,2.2561981678009033,2.2935214042663574,2.3308448791503906,2.3681681156158447,2.405491352081299,2.442814588546753,2.480138063430786,2.5174612998962402,2.5547845363616943,2.5921077728271484,2.6294312477111816,2.6667544841766357,2.70407772064209,2.741400957107544,2.778724431991577,2.8160476684570312,2.8533709049224854,2.8906941413879395,2.9280176162719727,2.9653408527374268]},"shift_mean_layer_1":1.8373887538909912,"shift_mean_layer_6":1.799503207206726,"Loss/best_eval":0.8351815152175397,"shift_mean_layer_5":1.407052993774414,"Loss/eval":1.3785364768880497,"shift_mean_layer_4":2.064148426055908,"Loss/train_step":0.413408100605011,"width_mean_layer_7":1.6413991451263428,"Loss/test":0.8406532031518442,"width_values_histogram":{"values":[2,1,3,2,1,3,1,0,3,1,0,1,3,3,2,4,5,0,2,0,0,3,3,0,5,2,3,1,3,1,5,4,1,2,5,0,3,3,5,2,3,2,3,1,1,3,2,4,0,0,3,1,3,2,2,1,5,2,1,0,0,0,0,1],"bins":[1.0431824922561646,1.0616294145584106,1.0800764560699463,1.0985233783721924,1.116970419883728,1.1354173421859741,1.1538643836975098,1.1723113059997559,1.190758228302002,1.2092052698135376,1.2276521921157837,1.2460992336273193,1.2645461559295654,1.2829930782318115,1.3014401197433472,1.3198870420455933,1.338334083557129,1.356781005859375,1.3752280473709106,1.3936749696731567,1.4121218919754028,1.4305689334869385,1.4490158557891846,1.4674628973007202,1.4859098196029663,1.504356861114502,1.522803783416748,1.5412507057189941,1.5596977472305298,1.5781446695327759,1.5965917110443115,1.6150386333465576,1.6334855556488037,1.6519325971603394,1.6703795194625854,1.688826560974121,1.7072734832763672,1.7257205247879028,1.744167447090149,1.762614369392395,1.7810614109039307,1.7995083332061768,1.8179553747177124,1.8364022970199585,1.8548493385314941,1.8732962608337402,1.8917431831359863,1.910190224647522,1.928637146949768,1.9470841884613037,1.9655311107635498,1.9839781522750854,2.002424955368042,2.020872116088867,2.0393190383911133,2.0577659606933594,2.0762128829956055,2.0946600437164307,2.1131069660186768,2.131553888320923,2.150000810623169,2.168447732925415,2.1868948936462402,2.2053418159484863,2.2237887382507324],"_type":"histogram"},"width_mean_layer_3":1.5890212059020996,"width_mean_layer_2":1.530612587928772,"width_mean_layer_1":1.5896899700164795,"_wandb":{"runtime":295},"shift_mean_layer_7":1.652962565422058,"width_mean_layer_6":1.6806797981262207,"_step":1497,"_timestamp":1.7411508421948113e+09,"width_mean_layer_0":1.6318085193634033,"Loss/train":0.42799108497351374,"width_mean_layer_4":1.7452574968338013,"epoch":22,"width_mean_layer_5":1.4751615524291992,"_runtime":295.423058052}