{"shift_mean_layer_0":1.980263590812683,"Loss/train_step":0.14312368631362915,"width_mean_layer_4":1.771014928817749,"_step":5784,"width_values_histogram":{"values":[1,0,1,0,0,0,1,0,2,0,1,1,1,1,0,0,1,1,0,0,0,0,2,0,1,1,0,2,0,1,2,2,2,2,1,2,5,3,3,4,4,4,7,3,1,0,0,4,0,1,1,1,2,1,1,1,2,2,0,0,0,0,0,1],"bins":[0.4920492172241211,0.5185027718544006,0.5449562668800354,0.5714098215103149,0.5978633165359497,0.6243168711662292,0.650770366191864,0.6772239208221436,0.7036774158477783,0.7301309704780579,0.7565845251083374,0.7830380201339722,0.8094915747642517,0.8359450697898865,0.862398624420166,0.8888521194458008,0.9153056740760803,0.9417592287063599,0.9682127237319946,0.9946662783622742,1.0211198329925537,1.0475733280181885,1.0740268230438232,1.100480318069458,1.1269339323043823,1.153387427330017,1.1798409223556519,1.2062945365905762,1.232748031616211,1.2592015266418457,1.2856550216674805,1.3121086359024048,1.3385621309280396,1.3650156259536743,1.3914692401885986,1.4179227352142334,1.4443762302398682,1.470829725265503,1.4972833395004272,1.523736834526062,1.5501903295516968,1.576643943786621,1.6030974388122559,1.6295509338378906,1.6560044288635254,1.6824580430984497,1.7089115381240845,1.7353650331497192,1.7618186473846436,1.7882721424102783,1.814725637435913,1.8411791324615479,1.8676327466964722,1.894086241722107,1.9205397367477417,1.9469932317733765,1.9734468460083008,1.9999003410339355,2.0263538360595703,2.052807331085205,2.07926082611084,2.1057145595550537,2.1321680545806885,2.1586215496063232,2.185075044631958],"_type":"histogram"},"shift_mean_layer_4":1.8653182983398438,"best_eval_loss":0.1659251160859563,"Loss/eval":0.17201202746768976,"_runtime":801.190128803,"shift_mean_layer_2":1.6363871097564697,"Loss/train":0.16796630924227307,"_timestamp":1.741150524735627e+09,"width_mean_layer_0":1.3776729106903076,"width_mean_layer_2":1.2802854776382446,"shift_mean_layer_1":1.8763415813446045,"_wandb":{"runtime":801},"shift_values_histogram":{"bins":[0.05437711253762245,0.10086038708686829,0.14734366536140442,0.19382694363594055,0.24031022191047668,0.2867935001850128,0.33327677845954895,0.3797600567340851,0.4262433350086212,0.47272661328315735,0.5192098617553711,0.5656931400299072,0.6121764183044434,0.6586596965789795,0.7051429748535156,0.7516262531280518,0.7981095314025879,0.844592809677124,0.8910760879516602,0.9375593662261963,0.9840426445007324,1.0305259227752686,1.0770092010498047,1.1234924793243408,1.169975757598877,1.216459035873413,1.2629423141479492,1.3094255924224854,1.3559088706970215,1.4023921489715576,1.4488754272460938,1.4953587055206299,1.541841983795166,1.5883252620697021,1.6348085403442383,1.6812918186187744,1.7277750968933105,1.7742583751678467,1.8207416534423828,1.867224931716919,1.913708209991455,1.9601914882659912,2.0066747665405273,2.0531580448150635,2.0996413230895996,2.1461246013641357,2.192607879638672,2.239091157913208,2.285574436187744,2.3320577144622803,2.3785409927368164,2.4250242710113525,2.4715075492858887,2.517990827560425,2.564474105834961,2.610957384109497,2.657440662384033,2.7039239406585693,2.7504072189331055,2.7968904972076416,2.8433737754821777,2.889857053756714,2.93634033203125,2.982823610305786,3.0293068885803223],"_type":"histogram","values":[1,0,0,0,1,0,0,2,0,1,0,0,1,0,2,1,0,3,0,3,3,0,3,1,1,0,1,1,1,1,0,3,1,1,2,1,1,2,2,2,0,1,2,2,1,3,1,4,1,0,1,0,3,4,0,3,4,2,1,0,0,2,2,1]},"Loss/best_eval":0.1659251160859563,"shift_mean_layer_3":1.6217739582061768,"epoch":88,"width_mean_layer_1":1.310457468032837,"width_mean_layer_3":1.5488052368164062}