{"shift_mean_layer_2":1.995593547821045,"shift_mean_layer_3":1.8139564990997314,"epoch":3,"shift_mean_layer_6":1.918989896774292,"width_mean_layer_5":1.6805013418197632,"shift_values_histogram":{"values":[5,5,5,7,0,3,7,4,5,3,6,2,4,0,1,3,1,0,3,1,4,4,3,3,7,4,3,4,4,1,3,4,5,5,5,2,8,3,8,3,5,8,5,6,2,1,1,5,3,4,3,6,4,8,4,4,5,3,6,5,5,5,2,8],"bins":[0.6071141958236694,0.644437313079834,0.6817604899406433,0.7190836071968079,0.7564067840576172,0.7937299013137817,0.8310530185699463,0.8683761954307556,0.9056993126869202,0.9430224895477295,0.980345606803894,1.0176687240600586,1.0549918413162231,1.0923150777816772,1.1296381950378418,1.1669613122940063,1.204284429550171,1.2416075468063354,1.2789307832717896,1.316253900527954,1.3535770177841187,1.3909001350402832,1.4282232522964478,1.4655464887619019,1.5028696060180664,1.540192723274231,1.5775158405303955,1.61483895778656,1.6521621942520142,1.6894853115081787,1.7268084287643433,1.7641315460205078,1.801454782485962,1.8387778997421265,1.876101016998291,1.9134241342544556,1.9507472515106201,1.9880704879760742,2.025393486022949,2.0627167224884033,2.1000399589538574,2.1373629570007324,2.1746861934661865,2.2120091915130615,2.2493324279785156,2.2866556644439697,2.3239786624908447,2.361301898956299,2.398624897003174,2.435948133468628,2.473271369934082,2.510594367980957,2.547917604446411,2.585240602493286,2.6225638389587402,2.6598870754241943,2.6972100734710693,2.7345333099365234,2.7718563079833984,2.8091795444488525,2.8465027809143066,2.8838257789611816,2.9211490154266357,2.9584720134735107,2.995795249938965],"_type":"histogram"},"width_mean_layer_4":1.6183714866638184,"shift_mean_layer_1":1.7793223857879639,"shift_mean_layer_7":1.7979035377502441,"shift_mean_layer_0":1.9634419679641724,"Loss/train_step":1.056520700454712,"Loss/best_eval":1.1290412931111737,"width_mean_layer_0":1.702520728111267,"Loss/eval":1.5668617502625108,"_runtime":74.782092349,"Loss/train":1.0081353195735812,"width_mean_layer_2":1.7096036672592163,"best_eval_loss":1.1290412931111737,"_timestamp":1.7411821240621192e+09,"width_mean_layer_7":1.640688180923462,"width_values_histogram":{"bins":[1.163401484489441,1.1795074939727783,1.1956135034561157,1.2117195129394531,1.2278255224227905,1.243931531906128,1.2600375413894653,1.2761436700820923,1.2922496795654297,1.308355689048767,1.3244616985321045,1.340567708015442,1.3566737174987793,1.3727797269821167,1.388885736465454,1.4049917459487915,1.421097755432129,1.4372037649154663,1.4533097743988037,1.4694157838821411,1.485521912574768,1.5016279220581055,1.5177339315414429,1.5338399410247803,1.5499459505081177,1.566051959991455,1.5821579694747925,1.5982639789581299,1.6143699884414673,1.6304759979248047,1.646582007408142,1.6626880168914795,1.6787941455841064,1.6949001550674438,1.7110061645507812,1.7271121740341187,1.743218183517456,1.7593241930007935,1.7754302024841309,1.7915362119674683,1.8076422214508057,1.823748230934143,1.8398542404174805,1.8559602499008179,1.8720662593841553,1.8881723880767822,1.9042783975601196,1.920384407043457,1.9364904165267944,1.9525964260101318,1.9687024354934692,1.9848084449768066,2.0009145736694336,2.0170204639434814,2.0331265926361084,2.0492324829101562,2.065338611602783,2.081444501876831,2.097550630569458,2.113656520843506,2.129762649536133,2.1458685398101807,2.1619746685028076,2.1780805587768555,2.1941866874694824],"_type":"histogram","values":[5,6,7,5,3,9,5,7,3,5,1,2,2,1,2,2,1,7,3,6,5,5,4,3,3,2,5,3,7,5,2,8,3,7,4,5,5,5,8,1,3,0,3,2,2,4,4,6,3,3,7,4,1,4,4,3,4,5,4,3,3,2,4,6]},"shift_mean_layer_5":1.9292101860046387,"width_mean_layer_3":1.6274149417877197,"shift_mean_layer_4":1.7929062843322754,"_step":210,"width_mean_layer_1":1.6231350898742676,"width_mean_layer_6":1.6769918203353882,"_wandb":{"runtime":75}}