{"Loss/train":1.067267331078112,"shift_mean_layer_7":2.658830404281616,"width_mean_layer_3":2.1257996559143066,"width_mean_layer_1":2.112901449203491,"best_eval_loss":0.99181719755179,"Loss/train_step":1.0394291877746582,"shift_mean_layer_3":2.6748318672180176,"shift_mean_layer_1":2.614821434020996,"Loss/best_eval":0.99181719755179,"width_mean_layer_0":2.3253896236419678,"width_mean_layer_5":2.283353805541992,"shift_mean_layer_6":2.8752601146698,"shift_mean_layer_0":2.9699392318725586,"shift_mean_layer_5":2.8942692279815674,"shift_mean_layer_4":2.631666898727417,"width_mean_layer_7":2.1630632877349854,"Loss/eval":1.6525468570565622,"_timestamp":1.741184299936444e+09,"width_mean_layer_4":2.0981523990631104,"shift_values_histogram":{"_type":"histogram","values":[5,5,3,5,4,2,5,6,5,4,4,4,2,2,1,1,3,0,1,3,1,5,5,3,6,3,5,3,4,2,1,6,3,6,6,1,8,4,8,3,5,7,5,6,3,1,1,3,3,5,3,7,4,8,4,2,7,3,5,5,6,4,2,9],"bins":[0.29237666726112366,0.3657056391239166,0.4390346109867096,0.5123635530471802,0.5856925249099731,0.6590214967727661,0.7323504686355591,0.805679440498352,0.879008412361145,0.952337384223938,1.025666356086731,1.098995327949524,1.172324299812317,1.2456532716751099,1.3189822435379028,1.3923112154006958,1.4656401872634888,1.5389691591262817,1.6122981309890747,1.6856271028518677,1.7589560747146606,1.8322850465774536,1.9056140184402466,1.9789429903030396,2.052271842956543,2.125600814819336,2.198929786682129,2.272258758544922,2.345587730407715,2.418916702270508,2.492245674133301,2.5655746459960938,2.6389036178588867,2.7122325897216797,2.7855615615844727,2.8588905334472656,2.9322195053100586,3.0055484771728516,3.0788774490356445,3.1522064208984375,3.2255353927612305,3.2988643646240234,3.3721933364868164,3.4455223083496094,3.5188512802124023,3.5921802520751953,3.6655092239379883,3.7388381958007812,3.812167167663574,3.885496139526367,3.95882511138916,4.032154083251953,4.105483055114746,4.178812026977539,4.252140998840332,4.325469970703125,4.398798942565918,4.472127914428711,4.545456886291504,4.618785858154297,4.69211483001709,4.765443801879883,4.838772773742676,4.912101745605469,4.985430717468262]},"_step":2942,"width_mean_layer_6":2.270674467086792,"width_mean_layer_2":2.319789171218872,"shift_mean_layer_2":3.0405025482177734,"_runtime":1330.090878271,"_wandb":{"runtime":1330},"width_values_histogram":{"values":[9,12,4,8,10,5,6,2,2,3,1,2,5,3,6,5,7,4,4,4,1,6,2,7,5,3,7,2,9,4,3,5,7,5,4,2,1,0,3,3,3,3,2,3,5,4,1,7,3,1,5,4,1,3,3,4,3,4,0,4,2,1,5,4],"bins":[1.0822155475616455,1.123253583908081,1.1642917394638062,1.2053297758102417,1.2463678121566772,1.2874058485031128,1.328444004058838,1.3694820404052734,1.410520076751709,1.451558232307434,1.4925962686538696,1.5336343050003052,1.5746723413467407,1.6157104969024658,1.6567485332489014,1.697786569595337,1.7388246059417725,1.7798627614974976,1.820900797843933,1.8619388341903687,1.9029769897460938,1.9440150260925293,1.9850530624389648,2.0260910987854004,2.067129135131836,2.1081674098968506,2.149205446243286,2.1902434825897217,2.2312815189361572,2.2723195552825928,2.3133575916290283,2.354395627975464,2.3954339027404785,2.436471939086914,2.4775099754333496,2.518548011779785,2.5595860481262207,2.6006240844726562,2.641662120819092,2.6827001571655273,2.723738431930542,2.7647764682769775,2.805814504623413,2.8468525409698486,2.887890577316284,2.9289286136627197,2.9699666500091553,3.01100492477417,3.0520429611206055,3.093080997467041,3.1341190338134766,3.175157070159912,3.2161951065063477,3.257233142852783,3.298271417617798,3.3393094539642334,3.380347490310669,3.4213855266571045,3.46242356300354,3.5034615993499756,3.544499635696411,3.585537910461426,3.6265759468078613,3.667613983154297,3.7086520195007324],"_type":"histogram"},"epoch":45}