{"shift_mean_layer_0":1.9791333675384521,"shift_values_histogram":{"_type":"histogram","values":[3,0,2,0,0,1,2,1,1,2,0,2,3,2,0,0,1,0,2,1,0,1,1,1,1,0,0,3,2,2,2,1,2,0,2,1,1,1,2,2,1,1,1,2,1,2,2,1,0,0,2,2,0,1,3,1,3,0,5,2,1,0,0,1],"bins":[0.6219142079353333,0.6584553718566895,0.6949965953826904,0.7315377593040466,0.7680789232254028,0.804620087146759,0.84116131067276,0.8777024745941162,0.9142436385154724,0.9507848620414734,0.9873260259628296,1.0238672494888306,1.060408353805542,1.096949577331543,1.133490800857544,1.1700319051742554,1.2065731287002563,1.2431143522262573,1.2796554565429688,1.3161966800689697,1.3527377843856812,1.3892790079116821,1.425820231437683,1.4623613357543945,1.4989025592803955,1.5354437828063965,1.571984887123108,1.6085261106491089,1.6450673341751099,1.6816084384918213,1.7181496620178223,1.7546908855438232,1.7912319898605347,1.8277732133865356,1.8643144369125366,1.900855541229248,1.937396764755249,1.9739378690719604,2.010479211807251,2.047020196914673,2.083561420440674,2.120102643966675,2.156643867492676,2.1931850910186768,2.2297263145446777,2.2662672996520996,2.3028085231781006,2.3393497467041016,2.3758909702301025,2.4124321937561035,2.4489731788635254,2.4855144023895264,2.5220556259155273,2.5585968494415283,2.5951380729675293,2.6316792964935303,2.668220281600952,2.704761505126953,2.741302728652954,2.777843952178955,2.814385175704956,2.850926399230957,2.887467384338379,2.92400860786438,2.960549831390381]},"shift_mean_layer_3":1.7370340824127197,"width_mean_layer_2":1.5551302433013916,"_wandb":{"runtime":22},"_timestamp":1.7410917589231997e+09,"Loss/train":0.8213162527656507,"_step":167,"shift_mean_layer_1":1.8227617740631104,"epoch":2,"Loss/best_eval":0.7887339807639451,"_runtime":22.900637204,"width_mean_layer_4":1.8291306495666504,"width_mean_layer_0":1.642277717590332,"shift_mean_layer_2":1.6851701736450195,"width_values_histogram":{"_type":"histogram","values":[1,0,2,2,2,1,1,1,0,1,0,0,1,2,0,0,1,2,2,0,0,1,1,1,0,1,3,2,4,1,1,1,3,1,1,1,1,5,1,2,3,1,0,0,2,1,2,1,2,1,2,1,1,0,2,3,0,0,2,2,0,1,1,2],"bins":[1.0440150499343872,1.0619536638259888,1.0798922777175903,1.0978310108184814,1.115769624710083,1.1337082386016846,1.1516468524932861,1.1695854663848877,1.1875241994857788,1.2054628133773804,1.223401427268982,1.2413400411605835,1.259278655052185,1.2772173881530762,1.2951560020446777,1.3130946159362793,1.3310332298278809,1.3489718437194824,1.3669105768203735,1.384849190711975,1.4027878046035767,1.4207264184951782,1.4386650323867798,1.456603765487671,1.4745423793792725,1.492480993270874,1.5104196071624756,1.5283582210540771,1.5462969541549683,1.5642355680465698,1.5821741819381714,1.600112795829773,1.618051528930664,1.6359901428222656,1.6539287567138672,1.6718673706054688,1.6898059844970703,1.7077447175979614,1.725683331489563,1.7436219453811646,1.7615605592727661,1.7794991731643677,1.7974379062652588,1.8153765201568604,1.833315134048462,1.8512537479400635,1.869192361831665,1.8871310949325562,1.9050697088241577,1.9230083227157593,1.9409469366073608,1.9588855504989624,1.9768242835998535,1.994762897491455,2.0127015113830566,2.030640125274658,2.0485787391662598,2.0665173530578613,2.084455966949463,2.1023945808410645,2.120333433151245,2.1382720470428467,2.1562106609344482,2.17414927482605,2.1920878887176514]},"width_mean_layer_1":1.6033474206924438,"best_eval_loss":0.7887339807639451,"Loss/eval":0.7887339807639451,"width_mean_layer_3":1.6210194826126099,"shift_mean_layer_4":1.986944317817688,"Loss/train_step":0.6753478050231934}