{"_timestamp":1.7411826101635966e+09,"_runtime":414.804617623,"shift_mean_layer_4":1.828971266746521,"width_mean_layer_4":1.5206665992736816,"shift_values_histogram":{"_type":"histogram","values":[1,2,1,3,4,3,2,5,1,1,4,1,2,2,1,3,1,0,1,0,3,0,2,2,7,1,2,3,2,1,4,5,5,1,0,1,8,5,6,2,5,4,0,3,2,2,5,2,3,1,5,3,2,3,4,4,1,4,1,2,2,1,0,3],"bins":[0.5499436855316162,0.5888550877571106,0.627766489982605,0.6666778922080994,0.7055892944335938,0.7445007562637329,0.7834121584892273,0.8223235607147217,0.8612349629402161,0.9001463651657104,0.9390577673912048,0.9779691696166992,1.0168806314468384,1.055791974067688,1.0947034358978271,1.1336147785186768,1.172526240348816,1.211437702178955,1.2503490447998047,1.2892605066299438,1.3281718492507935,1.3670833110809326,1.4059946537017822,1.4449061155319214,1.4838175773620605,1.5227289199829102,1.5616403818130493,1.600551724433899,1.639463186264038,1.6783745288848877,1.7172859907150269,1.7561973333358765,1.7951087951660156,1.8340202569961548,1.8729315996170044,1.9118430614471436,1.9507544040679932,1.9896658658981323,2.0285773277282715,2.067488670349121,2.1064000129699707,2.1453115940093994,2.184222936630249,2.2231342792510986,2.2620456218719482,2.300957202911377,2.3398685455322266,2.378779888153076,2.417691230773926,2.4566028118133545,2.495514154434204,2.5344254970550537,2.5733370780944824,2.612248420715332,2.6511597633361816,2.6900711059570312,2.72898268699646,2.7678940296173096,2.806805372238159,2.845716953277588,2.8846282958984375,2.923539638519287,2.9624509811401367,3.0013625621795654,3.040273904800415]},"Loss/test":0.8572504917780558,"width_mean_layer_3":1.6123168468475342,"width_values_histogram":{"bins":[0.8688117861747742,0.8897363543510437,0.910660982131958,0.9315855503082275,0.9525101780891418,0.9734347462654114,0.9943593144416809,1.0152839422225952,1.0362085103988647,1.0571330785751343,1.0780576467514038,1.098982334136963,1.1199069023132324,1.140831470489502,1.1617560386657715,1.182680606842041,1.2036052942276,1.2245298624038696,1.2454544305801392,1.2663789987564087,1.2873035669326782,1.3082282543182373,1.3291528224945068,1.3500773906707764,1.371001958847046,1.3919265270233154,1.4128512144088745,1.433775782585144,1.4547003507614136,1.475624918937683,1.4965494871139526,1.5174741744995117,1.5383987426757812,1.5593233108520508,1.5802478790283203,1.6011724472045898,1.622097134590149,1.6430217027664185,1.663946270942688,1.6848708391189575,1.705795407295227,1.7267200946807861,1.7476446628570557,1.7685692310333252,1.7894937992095947,1.8104183673858643,1.8313429355621338,1.8522676229476929,1.8731921911239624,1.894116759300232,1.9150413274765015,1.935965895652771,1.95689058303833,1.9778151512145996,1.9987397193908691,2.0196642875671387,2.040588855743408,2.0615134239196777,2.0824379920959473,2.103362798690796,2.1242873668670654,2.145211935043335,2.1661365032196045,2.187061071395874,2.2079856395721436],"_type":"histogram","values":[1,0,0,0,0,1,0,0,1,1,0,0,1,4,4,3,4,3,3,4,1,2,5,4,1,1,4,3,7,1,3,1,5,5,1,9,5,4,2,6,3,2,1,4,4,2,2,2,4,4,5,1,5,0,2,2,3,4,6,0,2,0,0,2]},"shift_mean_layer_2":1.9378474950790405,"Loss/train":0.7339463880350607,"Loss/train_step":0.7389403581619263,"shift_mean_layer_3":1.7812411785125732,"_step":1692,"width_mean_layer_2":1.7029650211334229,"Loss/best_eval":0.8564227115121357,"best_eval_loss":0.8564227115121357,"epoch":25,"shift_mean_layer_1":1.746004343032837,"_wandb":{"runtime":414},"width_mean_layer_0":1.6448413133621216,"shift_mean_layer_0":1.9589182138442993,"Loss/eval":1.0299667011348745,"width_mean_layer_1":1.5844285488128662}