{"Loss/best_eval":0.02832228011051808,"shift_mean_layer_3":2.248687267303467,"width_mean_layer_2":1.8954486846923828,"shift_mean_layer_4":2.2296605110168457,"_runtime":1173.18890388,"width_mean_layer_1":1.7846778631210327,"_wandb":{"runtime":1173},"shift_mean_layer_2":2.4698193073272705,"Loss/train_step":0.039179619401693344,"shift_mean_layer_0":2.4211487770080566,"width_values_histogram":{"values":[2,1,5,2,2,3,4,2,4,6,1,3,1,2,3,2,2,3,3,3,2,4,2,2,6,2,4,2,6,2,1,6,4,1,1,5,5,2,1,2,1,1,2,0,4,5,1,1,2,3,3,1,1,3,3,4,2,1,2,1,2,0,2,1],"bins":[1.0588717460632324,1.084487795829773,1.110103726387024,1.1357197761535645,1.1613357067108154,1.186951756477356,1.2125678062438965,1.2381837368011475,1.263799786567688,1.2894158363342285,1.3150317668914795,1.34064781665802,1.3662638664245605,1.3918797969818115,1.417495846748352,1.443111777305603,1.4687278270721436,1.494343876838684,1.519959807395935,1.5455758571624756,1.5711917877197266,1.596807837486267,1.6224238872528076,1.6480398178100586,1.6736558675765991,1.6992719173431396,1.7248878479003906,1.7505038976669312,1.7761199474334717,1.8017358779907227,1.8273519277572632,1.8529678583145142,1.8785839080810547,1.9041999578475952,1.9298158884048462,1.9554319381713867,1.9810478687286377,2.0066640377044678,2.0322799682617188,2.0578958988189697,2.0835118293762207,2.109127998352051,2.1347439289093018,2.1603598594665527,2.185976028442383,2.211591958999634,2.2372078895568848,2.262824058532715,2.288439989089966,2.314055919647217,2.339672088623047,2.365288019180298,2.390903949737549,2.416520118713379,2.44213604927063,2.467751979827881,2.493368148803711,2.518984079360962,2.544600009918213,2.570215940475464,2.595832109451294,2.621448040008545,2.647063970565796,2.672680139541626,2.698296070098877],"_type":"histogram"},"Loss/test":0.02867939336984246,"_timestamp":1.7412506820249243e+09,"shift_values_histogram":{"_type":"histogram","values":[1,4,3,4,0,2,3,1,7,3,1,1,3,2,0,1,1,0,0,0,2,1,5,1,4,2,4,4,1,1,2,0,6,4,3,4,8,3,2,6,4,4,2,1,2,1,3,4,3,3,8,3,1,3,3,2,0,2,2,3,1,4,0,1],"bins":[0.5200740694999695,0.5741377472877502,0.6282013654708862,0.682265043258667,0.7363287210464478,0.7903923988342285,0.8444560170173645,0.8985196948051453,0.952583372592926,1.006646990776062,1.0607106685638428,1.1147743463516235,1.1688380241394043,1.222901701927185,1.2769652605056763,1.331028938293457,1.3850926160812378,1.4391562938690186,1.4932199716567993,1.54728364944458,1.6013473272323608,1.655410885810852,1.7094745635986328,1.7635382413864136,1.8176019191741943,1.871665596961975,1.9257292747497559,1.979792833328247,2.0338566303253174,2.0879201889038086,2.141983985900879,2.19604754447937,2.2501111030578613,2.3041749000549316,2.358238458633423,2.412302255630493,2.4663658142089844,2.5204296112060547,2.574493169784546,2.628556728363037,2.6826205253601074,2.7366840839385986,2.790747880935669,2.84481143951416,2.8988749980926514,2.9529387950897217,3.007002353668213,3.061066150665283,3.1151297092437744,3.1691935062408447,3.223257064819336,3.277320623397827,3.3313844203948975,3.3854479789733887,3.439511775970459,3.49357533454895,3.5476391315460205,3.6017026901245117,3.655766248703003,3.7098300457000732,3.7638936042785645,3.8179574012756348,3.872020959854126,3.9260847568511963,3.9801483154296875]},"_step":6247,"best_eval_loss":0.02832228011051808,"Loss/train":0.04079471370401184,"width_mean_layer_3":1.7426685094833374,"Loss/eval":0.0400124059242653,"epoch":95,"width_mean_layer_0":1.8969526290893555,"shift_mean_layer_1":2.163130521774292,"width_mean_layer_4":1.7269277572631836}