{"shift_mean_layer_0":2.017970085144043,"shift_values_histogram":{"_type":"histogram","values":[1,0,2,4,4,2,4,7,2,5,4,8,6,2,2,3,3,4,1,2,3,1,0,5,4,2,5,5,5,4,4,2,4,3,9,5,6,5,4,5,10,3,4,6,5,3,4,3,3,0,6,7,5,5,7,8,4,8,7,2,2,1,3,3],"bins":[0.4360494911670685,0.47752663493156433,0.5190038084983826,0.5604809522628784,0.6019580960273743,0.6434352397918701,0.684912383556366,0.7263895273208618,0.7678666710853577,0.8093438744544983,0.8508210182189941,0.89229816198349,0.9337753057479858,0.9752524495124817,1.0167295932769775,1.0582067966461182,1.0996838808059692,1.1411610841751099,1.182638168334961,1.2241153717041016,1.2655924558639526,1.3070696592330933,1.3485468626022339,1.390023946762085,1.4315011501312256,1.4729782342910767,1.5144554376602173,1.5559325218200684,1.597409725189209,1.63888680934906,1.6803640127182007,1.7218412160873413,1.7633183002471924,1.804795503616333,1.846272587776184,1.8877497911453247,1.9292268753051758,1.9707040786743164,2.012181282043457,2.0536584854125977,2.095135450363159,2.1366126537323,2.1780898571014404,2.219567060470581,2.2610440254211426,2.302521228790283,2.343998432159424,2.3854756355285645,2.426952838897705,2.4684298038482666,2.5099070072174072,2.551384210586548,2.5928614139556885,2.63433837890625,2.6758155822753906,2.7172927856445312,2.758769989013672,2.8002471923828125,2.841724157333374,2.8832013607025146,2.9246785640716553,2.966155767440796,3.0076327323913574,3.049109935760498,3.0905871391296387]},"shift_mean_layer_1":1.8194265365600586,"best_eval_loss":0.29994215791995466,"shift_mean_layer_3":1.8856276273727417,"Loss/eval":0.3202177568054712,"Loss/train_step":0.22674807906150818,"Loss/best_eval":0.29994215791995466,"_runtime":2566.411726078,"width_mean_layer_1":1.5384382009506226,"shift_mean_layer_4":1.8395147323608398,"shift_mean_layer_2":2.02085018157959,"width_mean_layer_0":1.5867046117782593,"width_mean_layer_7":1.715865969657898,"shift_mean_layer_6":1.7408193349838257,"width_values_histogram":{"values":[2,0,0,4,2,2,1,2,4,1,0,2,3,3,3,2,3,1,3,4,3,4,2,1,3,4,11,5,4,9,3,3,6,7,11,8,7,4,8,5,6,6,5,2,9,6,5,7,5,3,5,4,8,3,3,8,4,2,4,2,1,5,2,1],"bins":[0.7146261930465698,0.7395196557044983,0.7644131183624268,0.7893065810203552,0.8142000436782837,0.8390935063362122,0.8639869689941406,0.8888804316520691,0.9137738943099976,0.938667356967926,0.9635608196258545,0.988454282283783,1.0133477449417114,1.0382411479949951,1.0631346702575684,1.088028073310852,1.1129215955734253,1.137814998626709,1.1627085208892822,1.187601923942566,1.2124954462051392,1.2373888492584229,1.262282371520996,1.2871757745742798,1.312069296836853,1.3369626998901367,1.36185622215271,1.3867496252059937,1.411643147468567,1.4365365505218506,1.4614300727844238,1.4863234758377075,1.5112168788909912,1.5361104011535645,1.5610038042068481,1.5858973264694214,1.610790729522705,1.6356842517852783,1.660577654838562,1.6854711771011353,1.710364580154419,1.7352581024169922,1.7601515054702759,1.7850450277328491,1.8099384307861328,1.834831953048706,1.8597253561019897,1.884618878364563,1.9095122814178467,1.93440580368042,1.9592992067337036,1.9841927289962769,2.0090861320495605,2.033979654312134,2.058873176574707,2.083766460418701,2.1086599826812744,2.1335535049438477,2.158447027206421,2.183340311050415,2.2082338333129883,2.2331273555755615,2.2580208778381348,2.282914161682129,2.307807683944702],"_type":"histogram"},"width_mean_layer_6":1.7965937852859497,"epoch":124,"Loss/train":0.23153535404190986,"_timestamp":1.7411546882770245e+09,"width_mean_layer_5":1.6177723407745361,"shift_mean_layer_7":1.6862317323684692,"Loss/test":0.2986360887686412,"_wandb":{"runtime":2566},"width_mean_layer_4":1.480576753616333,"width_mean_layer_2":1.639947533607483,"shift_mean_layer_5":1.903127670288086,"_step":8146,"width_mean_layer_3":1.4859540462493896}