{"shift_values_histogram":{"_type":"histogram","values":[5,5,4,8,0,3,7,4,5,2,5,4,3,1,1,3,1,0,1,3,1,6,4,3,6,6,2,4,3,2,3,4,4,6,5,2,8,3,8,4,4,8,5,6,2,1,1,5,3,4,3,7,3,8,4,2,7,3,6,6,3,4,3,9],"bins":[0.6053534150123596,0.6426711678504944,0.6799889206886292,0.7173067331314087,0.7546244859695435,0.7919422388076782,0.829259991645813,0.8665778040885925,0.9038955569267273,0.9412133097648621,0.9785310626029968,1.0158488750457764,1.0531666278839111,1.090484380722046,1.1278021335601807,1.1651198863983154,1.2024376392364502,1.239755392074585,1.2770732641220093,1.314391016960144,1.3517087697982788,1.3890265226364136,1.4263442754745483,1.463662028312683,1.5009797811508179,1.5382975339889526,1.575615406036377,1.6129331588745117,1.6502509117126465,1.6875686645507812,1.724886417388916,1.7622041702270508,1.7995219230651855,1.8368396759033203,1.874157428741455,1.9114753007888794,1.9487930536270142,1.986110806465149,2.023428440093994,2.060746431350708,2.0980641841888428,2.1353819370269775,2.1726996898651123,2.210017442703247,2.247335195541382,2.2846529483795166,2.3219707012176514,2.359288454055786,2.396606206893921,2.4339239597320557,2.4712417125701904,2.508559465408325,2.54587721824646,2.5831949710845947,2.6205127239227295,2.6578304767608643,2.695148468017578,2.732466220855713,2.7697839736938477,2.8071017265319824,2.844419479370117,2.881737232208252,2.9190549850463867,2.9563727378845215,2.9936904907226562]},"shift_mean_layer_5":1.9255342483520508,"_wandb":{"runtime":127},"width_mean_layer_5":1.684799075126648,"_runtime":126.372264248,"best_eval_loss":1.3396771432108974,"width_values_histogram":{"_type":"histogram","values":[5,6,7,4,4,9,5,7,3,4,2,1,4,0,2,2,2,6,4,5,5,5,3,5,2,2,5,3,6,5,3,7,3,8,4,4,3,7,8,3,2,0,2,3,2,5,3,5,5,1,8,4,0,7,2,4,5,3,4,4,2,2,5,5],"bins":[1.1638097763061523,1.179938554763794,1.196067214012146,1.212195873260498,1.2283246517181396,1.2444534301757812,1.2605820894241333,1.2767107486724854,1.292839527130127,1.3089683055877686,1.3250969648361206,1.3412256240844727,1.3573544025421143,1.3734831809997559,1.389611840248108,1.40574049949646,1.4218692779541016,1.4379980564117432,1.4541267156600952,1.4702553749084473,1.4863841533660889,1.5025129318237305,1.5186415910720825,1.5347702503204346,1.5508990287780762,1.5670278072357178,1.5831564664840698,1.5992851257324219,1.6154139041900635,1.631542682647705,1.6476713418960571,1.6638000011444092,1.6799287796020508,1.6960575580596924,1.7121862173080444,1.7283148765563965,1.744443655014038,1.7605724334716797,1.7767010927200317,1.7928297519683838,1.8089585304260254,1.825087308883667,1.841215968132019,1.857344627380371,1.8734734058380127,1.8896021842956543,1.9057308435440063,1.9218595027923584,1.93798828125,1.9541170597076416,1.9702457189559937,1.9863743782043457,2.0025031566619873,2.018631935119629,2.0347604751586914,2.050889253616333,2.0670180320739746,2.083146810531616,2.099275588989258,2.1154041290283203,2.131532907485962,2.1476616859436035,2.163790225982666,2.1799190044403076,2.196047782897949]},"Loss/eval":1.3396771432108974,"_step":357,"Loss/best_eval":1.3396771432108974,"width_mean_layer_6":1.6762137413024902,"shift_mean_layer_3":1.8115614652633667,"width_mean_layer_3":1.6300694942474365,"width_mean_layer_2":1.7114795446395874,"Loss/train":0.9866311685538958,"shift_mean_layer_2":1.9933723211288452,"width_mean_layer_4":1.6213622093200684,"shift_mean_layer_1":1.7808204889297485,"Loss/train_step":0.9749070405960083,"width_mean_layer_0":1.7023029327392578,"width_mean_layer_7":1.6412006616592407,"shift_mean_layer_6":1.9203832149505615,"shift_mean_layer_0":1.9631171226501465,"shift_mean_layer_7":1.7985327243804932,"_timestamp":1.7411820331477594e+09,"shift_mean_layer_4":1.7892780303955078,"width_mean_layer_1":1.6221102476119995,"epoch":5}