{"width_mean_layer_4":1.8020212650299072,"Loss/best_eval":0.005757522459295229,"Loss/train":0.005885284204638011,"_runtime":898.586015869,"shift_mean_layer_4":1.8163317441940308,"_step":6489,"Loss/eval":0.006761223855916737,"width_mean_layer_0":1.4724644422531128,"shift_mean_layer_2":1.5653507709503174,"_wandb":{"runtime":898},"width_mean_layer_3":1.5564762353897095,"width_values_histogram":{"values":[1,0,0,1,1,0,0,1,1,1,0,1,0,0,0,2,0,2,0,0,0,2,1,0,0,0,0,2,2,2,1,2,4,5,2,1,6,4,1,0,3,6,3,0,3,2,2,2,1,1,1,0,4,2,0,1,1,0,1,0,0,0,0,1],"bins":[0.6392544507980347,0.6638316512107849,0.6884088516235352,0.7129859924316406,0.7375631928443909,0.7621403932571411,0.7867175936698914,0.8112947344779968,0.8358719348907471,0.8604491353034973,0.8850263357162476,0.9096035361289978,0.9341806769371033,0.9587578773498535,0.9833350777626038,1.007912278175354,1.0324894189834595,1.0570666790008545,1.08164381980896,1.1062209606170654,1.1307982206344604,1.155375361442566,1.179952621459961,1.2045297622680664,1.2291069030761719,1.253684163093567,1.2782613039016724,1.3028385639190674,1.3274157047271729,1.3519928455352783,1.3765701055526733,1.4011472463607788,1.4257245063781738,1.4503016471862793,1.4748787879943848,1.4994560480117798,1.5240331888198853,1.5486103296279907,1.5731875896453857,1.5977647304534912,1.6223419904708862,1.6469191312789917,1.6714962720870972,1.6960735321044922,1.7206506729125977,1.7452279329299927,1.7698050737380981,1.7943822145462036,1.8189594745635986,1.843536615371704,1.8681138753890991,1.8926910161972046,1.91726815700531,1.941845417022705,1.9664225578308105,1.990999698638916,2.0155768394470215,2.040154218673706,2.0647313594818115,2.089308500289917,2.1138856410980225,2.138462781906128,2.1630401611328125,2.187617301940918,2.2121944427490234],"_type":"histogram"},"shift_mean_layer_0":1.89834463596344,"width_mean_layer_1":1.382205843925476,"shift_mean_layer_1":1.778854489326477,"shift_mean_layer_3":1.6398401260375977,"width_mean_layer_2":1.3785810470581055,"Loss/train_step":0.0067894477397203445,"best_eval_loss":0.005757522459295229,"shift_values_histogram":{"values":[1,0,0,0,2,1,0,1,0,0,0,1,0,2,2,1,1,4,0,1,1,1,1,1,1,1,1,1,0,1,2,0,2,3,1,2,0,3,1,0,1,2,0,2,2,1,5,0,2,2,1,0,0,0,2,4,3,1,1,2,4,2,2,1],"bins":[0.11958253383636475,0.1624206006526947,0.20525865256786346,0.24809671938419342,0.2909347712993622,0.33377283811569214,0.3766109049320221,0.41944897174835205,0.4622870087623596,0.505125105381012,0.5479631423950195,0.5908011794090271,0.6336392760276794,0.676477313041687,0.7193154096603394,0.7621534466743469,0.8049914836883545,0.8478295803070068,0.8906676173210144,0.9335057139396667,0.9763437509536743,1.0191818475723267,1.0620198249816895,1.1048579216003418,1.1476960182189941,1.1905341148376465,1.2333720922470093,1.2762101888656616,1.319048285484314,1.3618862628936768,1.404724359512329,1.4475624561309814,1.4904005527496338,1.5332385301589966,1.576076626777649,1.6189147233963013,1.661752700805664,1.7045907974243164,1.7474288940429688,1.7902668714523315,1.8331049680709839,1.8759430646896362,1.9187811613082886,1.9616191387176514,2.0044572353363037,2.047295331954956,2.0901334285736084,2.1329715251922607,2.175809383392334,2.2186474800109863,2.2614855766296387,2.304323673248291,2.3471617698669434,2.3899998664855957,2.432837724685669,2.4756758213043213,2.5185139179229736,2.561352014541626,2.6041901111602783,2.6470282077789307,2.689866304397583,2.7327041625976562,2.7755422592163086,2.818380355834961,2.8612184524536133],"_type":"histogram"},"_timestamp":1.7411496882854779e+09,"epoch":99}