{"shift_mean_layer_2":1.440523386001587,"shift_mean_layer_3":1.4958597421646118,"_step":16113,"Loss/train_step":0.09073863178491592,"width_mean_layer_0":1.278619647026062,"_runtime":3300.578104784,"width_values_histogram":{"values":[2,1,1,0,1,0,0,0,0,1,1,0,1,0,1,0,2,1,1,0,0,0,0,0,0,0,1,0,1,0,1,1,1,0,0,2,1,5,4,3,3,4,1,4,2,3,4,1,3,3,3,1,2,2,2,1,0,1,1,1,0,1,1,3],"bins":[0.44136279821395874,0.46337297558784485,0.48538315296173096,0.5073933005332947,0.5294035077095032,0.5514136552810669,0.5734238624572754,0.5954340100288391,0.6174442172050476,0.6394543647766113,0.6614645719528198,0.6834747195243835,0.7054848670959473,0.7274950742721558,0.7495052218437195,0.771515429019928,0.7935255765914917,0.8155357837677002,0.8375459313392639,0.8595561385154724,0.8815662860870361,0.9035764932632446,0.9255866408348083,0.9475967884063721,0.9696069955825806,0.9916171431541443,1.013627290725708,1.0356374979019165,1.057647705078125,1.0796579122543335,1.1016680002212524,1.123678207397461,1.1456884145736694,1.1676985025405884,1.1897087097167969,1.2117189168930054,1.2337291240692139,1.2557392120361328,1.2777494192123413,1.2997596263885498,1.3217698335647583,1.3437799215316772,1.3657901287078857,1.3878003358840942,1.4098104238510132,1.4318206310272217,1.4538308382034302,1.4758410453796387,1.4978511333465576,1.5198613405227661,1.5418715476989746,1.563881754875183,1.585891842842102,1.6079020500183105,1.629912257194519,1.651922345161438,1.6739325523376465,1.695942759513855,1.7179529666900635,1.7399630546569824,1.761973261833191,1.7839834690093994,1.805993676185608,1.8280037641525269,1.8500139713287354],"_type":"histogram"},"epoch":246,"shift_mean_layer_4":1.7264186143875122,"shift_values_histogram":{"_type":"histogram","values":[1,0,0,0,0,0,1,1,2,1,1,1,0,0,0,0,1,0,3,4,0,0,1,0,2,1,1,0,2,2,1,0,0,2,0,3,1,2,3,1,2,1,0,2,3,1,0,2,8,1,1,0,0,1,2,3,2,5,2,1,2,1,0,2],"bins":[-0.23353539407253265,-0.1856362372636795,-0.13773708045482635,-0.08983791619539261,-0.04193875938653946,0.005960398353636265,0.05385955795645714,0.10175871849060059,0.14965787529945374,0.19755703210830688,0.24545618891716003,0.2933553457260132,0.34125450253486633,0.3891536593437195,0.43705281615257263,0.4849519729614258,0.5328511595726013,0.5807502865791321,0.6286494731903076,0.6765486001968384,0.7244477868080139,0.7723469138145447,0.8202461004257202,0.868145227432251,0.9160444140434265,0.9639435410499573,1.0118427276611328,1.0597418546676636,1.1076411008834839,1.1555402278900146,1.2034393548965454,1.2513384819030762,1.2992377281188965,1.3471368551254272,1.395035982131958,1.4429351091384888,1.490834355354309,1.5387334823608398,1.5866326093673706,1.6345317363739014,1.6824309825897217,1.7303301095962524,1.7782292366027832,1.826128363609314,1.8740276098251343,1.921926736831665,1.9698258638381958,2.0177249908447266,2.065624237060547,2.113523483276367,2.1614224910736084,2.2093217372894287,2.25722074508667,2.3051199913024902,2.3530192375183105,2.4009182453155518,2.448817491531372,2.4967167377471924,2.5446157455444336,2.592514991760254,2.640413999557495,2.6883132457733154,2.7362124919891357,2.784111499786377,2.8320107460021973]},"best_eval_loss":0.11451536078425639,"shift_mean_layer_0":1.8270589113235474,"Loss/best_eval":0.11451536078425639,"width_mean_layer_2":1.1481847763061523,"width_mean_layer_1":1.1595011949539185,"width_mean_layer_3":1.3669060468673706,"shift_mean_layer_1":1.644904375076294,"width_mean_layer_4":1.6165658235549927,"_timestamp":1.74109551980394e+09,"Loss/train":0.09529467177692778,"_wandb":{"runtime":3300},"Loss/test":0.11485490644419635,"Loss/eval":0.12349656178394218}