{"shift_mean_layer_0":2.9701969623565674,"Loss/best_eval":1.6577322353417745,"_timestamp":1.7411829585652072e+09,"width_mean_layer_6":2.275428056716919,"shift_mean_layer_1":2.608905076980591,"width_mean_layer_0":2.324981689453125,"shift_mean_layer_5":2.883193016052246,"epoch":4,"shift_mean_layer_7":2.6554322242736816,"Loss/eval":1.8017675502997639,"width_values_histogram":{"_type":"histogram","values":[5,10,7,7,10,7,6,4,1,4,0,3,1,8,3,5,7,4,3,6,1,6,2,7,4,3,6,4,6,6,4,5,6,5,5,3,1,0,2,4,1,4,3,2,6,4,0,7,4,1,3,6,1,2,4,5,1,4,2,3,2,1,5,4],"bins":[1.070336937904358,1.1115915775299072,1.152846097946167,1.1941007375717163,1.235355257987976,1.2766098976135254,1.3178644180297852,1.3591190576553345,1.4003735780715942,1.4416282176971436,1.4828827381134033,1.5241373777389526,1.5653918981552124,1.6066465377807617,1.6479010581970215,1.6891556978225708,1.7304102182388306,1.7716648578643799,1.8129193782806396,1.854174017906189,1.8954285383224487,1.936683177947998,1.9779376983642578,2.0191922187805176,2.0604469776153564,2.101701498031616,2.142956018447876,2.1842105388641357,2.2254652976989746,2.2667198181152344,2.307974338531494,2.349228858947754,2.3904836177825928,2.4317381381988525,2.4729926586151123,2.514247417449951,2.555501937866211,2.5967564582824707,2.6380109786987305,2.6792657375335693,2.720520257949829,2.761774778366089,2.8030292987823486,2.8442840576171875,2.8855385780334473,2.926793098449707,2.968047618865967,3.0093023777008057,3.0505568981170654,3.091811418533325,3.133065938949585,3.174320697784424,3.2155752182006836,3.2568297386169434,3.298084259033203,3.339339017868042,3.3805935382843018,3.4218480587005615,3.4631025791168213,3.50435733795166,3.54561185836792,3.5868663787841797,3.6281208992004395,3.6693756580352783,3.710630178451538]},"width_mean_layer_4":2.105109930038452,"_runtime":121.372118064,"shift_mean_layer_2":3.034708261489868,"shift_mean_layer_4":2.6251518726348877,"shift_mean_layer_6":2.8721401691436768,"Loss/train_step":1.0138121843338013,"width_mean_layer_2":2.32655930519104,"shift_mean_layer_3":2.666767120361328,"width_mean_layer_3":2.132982015609741,"shift_values_histogram":{"bins":[0.30651161074638367,0.37959200143814087,0.4526723623275757,0.5257527232170105,0.5988331437110901,0.6719135046005249,0.7449938654899597,0.8180742859840393,0.8911546468734741,0.9642350077629089,1.0373153686523438,1.1103957891464233,1.183476209640503,1.256556510925293,1.3296369314193726,1.4027173519134521,1.4757976531982422,1.5488780736923218,1.6219584941864014,1.6950387954711914,1.768119215965271,1.8411996364593506,1.9142799377441406,1.9873603582382202,2.0604407787323,2.13352108001709,2.20660138130188,2.279681921005249,2.352762222290039,2.425842523574829,2.4989230632781982,2.5720033645629883,2.6450836658477783,2.7181642055511475,2.7912445068359375,2.8643248081207275,2.9374053478240967,3.0104856491088867,3.0835659503936768,3.156646490097046,3.229726791381836,3.302807092666626,3.375887632369995,3.448967933654785,3.522048234939575,3.5951287746429443,3.6682090759277344,3.7412893772125244,3.8143699169158936,3.8874502182006836,3.9605305194854736,4.033610820770264,4.106691360473633,4.179771900177002,4.252851963043213,4.325932502746582,4.399013042449951,4.472093105316162,4.545173645019531,4.6182541847229,4.691334247589111,4.7644147872924805,4.83749532699585,4.9105753898620605,4.98365592956543],"_type":"histogram","values":[5,6,5,5,1,3,6,5,5,3,5,3,3,1,1,2,2,1,1,2,1,6,4,3,7,5,2,4,3,2,3,4,3,7,5,2,8,4,7,4,4,7,6,6,2,1,2,3,3,4,4,6,4,8,4,2,7,3,4,7,5,3,3,9]},"Loss/train":1.0144898024299307,"_wandb":{"runtime":122},"best_eval_loss":1.6577322353417745,"width_mean_layer_5":2.2935190200805664,"width_mean_layer_1":2.119550943374634,"width_mean_layer_7":2.1713078022003174,"_step":271}