{"width_mean_layer_4":1.7802077531814575,"best_eval_loss":0.7670152862463063,"shift_mean_layer_2":2.423187732696533,"Loss/test":0.7725169437902945,"Loss/train":1.108509225881798,"width_mean_layer_3":1.7372149229049683,"Loss/best_eval":0.7670152862463063,"_wandb":{"runtime":1683},"_step":6908,"shift_mean_layer_0":2.4117653369903564,"_runtime":1683.355463232,"width_values_histogram":{"values":[1,1,1,0,0,3,1,2,3,5,4,3,4,4,1,0,2,0,3,1,0,3,5,2,3,6,1,5,0,2,6,7,0,8,3,1,2,9,0,5,3,3,1,1,3,4,1,4,1,5,3,1,1,2,2,2,1,2,4,1,2,3,0,3],"bins":[0.8651944398880005,0.8939149379730225,0.9226354360580444,0.9513559341430664,0.9800764322280884,1.0087969303131104,1.0375174283981323,1.0662379264831543,1.0949584245681763,1.1236789226531982,1.1523994207382202,1.1811200380325317,1.2098405361175537,1.2385610342025757,1.2672815322875977,1.2960020303726196,1.3247225284576416,1.3534430265426636,1.3821635246276855,1.4108840227127075,1.4396045207977295,1.4683250188827515,1.4970455169677734,1.5257660150527954,1.5544865131378174,1.5832070112228394,1.6119275093078613,1.6406480073928833,1.6693685054779053,1.6980890035629272,1.7268095016479492,1.7555299997329712,1.7842504978179932,1.8129711151123047,1.8416916131973267,1.8704121112823486,1.8991326093673706,1.9278531074523926,1.9565736055374146,1.9852941036224365,2.014014482498169,2.0427350997924805,2.071455478668213,2.1001760959625244,2.128896713256836,2.1576170921325684,2.18633770942688,2.2150580883026123,2.243778705596924,2.2724990844726562,2.3012197017669678,2.3299400806427,2.3586606979370117,2.387381076812744,2.4161016941070557,2.444822072982788,2.4735426902770996,2.502263069152832,2.5309836864471436,2.559704065322876,2.5884246826171875,2.61714506149292,2.6458656787872314,2.674586057662964,2.7033066749572754],"_type":"histogram"},"width_mean_layer_0":1.8760502338409424,"width_mean_layer_2":1.918548345565796,"shift_mean_layer_4":2.1512837409973145,"shift_values_histogram":{"_type":"histogram","values":[2,2,4,2,0,2,4,4,2,4,2,1,3,2,1,1,0,1,0,0,3,3,0,2,5,4,2,1,2,2,2,4,5,3,3,1,6,3,6,3,2,2,7,3,2,0,0,4,2,3,3,3,3,5,0,4,2,4,3,3,2,2,1,3],"bins":[0.5785723924636841,0.6289483904838562,0.6793243885040283,0.7297004461288452,0.7800764441490173,0.8304524421691895,0.8808284401893616,0.9312044978141785,0.9815804958343506,1.031956434249878,1.0823324918746948,1.1327085494995117,1.183084487915039,1.233460545539856,1.2838366031646729,1.3342125415802002,1.384588599205017,1.4349645376205444,1.4853405952453613,1.5357166528701782,1.5860925912857056,1.6364686489105225,1.6868445873260498,1.7372206449508667,1.7875967025756836,1.837972640991211,1.8883486986160278,1.9387246370315552,1.989100694656372,2.0394766330718994,2.089852809906006,2.140228748321533,2.1906046867370605,2.240980863571167,2.2913568019866943,2.3417327404022217,2.392108678817749,2.4424848556518555,2.492860794067383,2.54323673248291,2.5936129093170166,2.643988847732544,2.6943647861480713,2.7447409629821777,2.795116901397705,2.8454928398132324,2.895869016647339,2.946244955062866,2.9966208934783936,3.046996831893921,3.0973730087280273,3.1477489471435547,3.198124885559082,3.2485010623931885,3.298877000808716,3.349252939224243,3.3996291160583496,3.450005054473877,3.5003809928894043,3.5507569313049316,3.601133108139038,3.6515090465545654,3.7018849849700928,3.752261161804199,3.8026371002197266]},"_timestamp":1.7411879179162123e+09,"Loss/eval":54976.1719683672,"epoch":105,"Loss/train_step":1.1159477233886719,"shift_mean_layer_1":2.1842830181121826,"shift_mean_layer_3":2.233053684234619,"width_mean_layer_1":1.709538459777832}