{"_timestamp":1.7411850414159734e+09,"Loss/test":0.7813242121979043,"width_mean_layer_0":2.3096272945404053,"width_values_histogram":{"bins":[1.0587342977523804,1.099111795425415,1.1394891738891602,1.1798666715621948,1.22024405002594,1.2606215476989746,1.3009989261627197,1.3413764238357544,1.381753921508789,1.4221312999725342,1.4625087976455688,1.502886176109314,1.5432636737823486,1.5836411714553833,1.6240185499191284,1.664396047592163,1.7047734260559082,1.7451509237289429,1.785528302192688,1.8259057998657227,1.8662832975387573,1.9066606760025024,1.947038173675537,1.9874155521392822,2.0277929306030273,2.0681705474853516,2.1085479259490967,2.148925304412842,2.189302921295166,2.229680299758911,2.2700576782226562,2.3104350566864014,2.3508126735687256,2.3911900520324707,2.431567430496216,2.47194504737854,2.512322425842285,2.5526998043060303,2.5930771827697754,2.6334547996520996,2.6738321781158447,2.71420955657959,2.754587173461914,2.794964551925659,2.8353419303894043,2.8757195472717285,2.9160969257354736,2.9564743041992188,2.996851682662964,3.037229299545288,3.077606678009033,3.1179840564727783,3.1583616733551025,3.1987390518188477,3.2391164302825928,3.279493808746338,3.319871425628662,3.3602488040924072,3.4006261825561523,3.4410037994384766,3.4813811779022217,3.521758556365967,3.562135934829712,3.602513551712036,3.6428909301757812],"_type":"histogram","values":[2,3,1,5,2,2,1,3,0,2,1,0,0,3,1,2,3,1,1,1,1,0,1,3,5,1,1,2,1,0,2,0,3,1,4,3,1,0,1,0,1,1,3,1,1,2,2,1,0,3,0,0,2,3,1,1,2,1,2,1,0,2,1,1]},"width_mean_layer_2":2.316436767578125,"Loss/best_eval":0.772627693932912,"Loss/train":1.0309701547409078,"shift_mean_layer_2":3.0445826053619385,"_step":3447,"_wandb":{"runtime":707},"shift_mean_layer_1":2.6114063262939453,"_runtime":707.954871381,"epoch":52,"shift_mean_layer_0":2.9798145294189453,"Loss/eval":1.2160359029097454,"width_mean_layer_1":2.111395835876465,"best_eval_loss":0.772627693932912,"shift_values_histogram":{"values":[2,1,3,0,1,2,2,1,1,3,1,1,2,0,0,1,1,0,0,0,1,2,1,2,3,1,1,2,0,0,2,0,3,2,2,0,4,1,2,1,0,3,4,2,2,0,1,2,2,3,0,3,3,1,0,5,1,4,2,2,1,1,1,1],"bins":[0.2920491695404053,0.36631783843040466,0.44058653712272644,0.5148552060127258,0.5891239047050476,0.6633925437927246,0.7376612424850464,0.8119299411773682,0.8861986398696899,0.9604672789573669,1.034735918045044,1.1090046167373657,1.1832733154296875,1.2575420141220093,1.331810712814331,1.4060794115066528,1.4803481101989746,1.5546166896820068,1.6288853883743286,1.7031540870666504,1.7774227857589722,1.851691484451294,1.9259601831436157,2.0002288818359375,2.0744974613189697,2.148766279220581,2.2230348587036133,2.2973034381866455,2.371572256088257,2.445840835571289,2.5201096534729004,2.5943782329559326,2.668646812438965,2.742915630340576,2.8171842098236084,2.8914530277252197,2.965721607208252,3.0399904251098633,3.1142590045928955,3.1885275840759277,3.262796401977539,3.3370649814605713,3.4113337993621826,3.485602378845215,3.559871196746826,3.6341397762298584,3.7084083557128906,3.782677173614502,3.856945753097534,3.9312145709991455,4.005483150482178,4.079751968383789,4.154020309448242,4.2282891273498535,4.302557945251465,4.376826763153076,4.451095104217529,4.525363922119141,4.599632740020752,4.673901081085205,4.748169898986816,4.822438716888428,4.896707534790039,4.970975875854492,5.0452446937561035],"_type":"histogram"},"Loss/train_step":1.0128750801086426}