{"Loss/eval":0.40960402585051825,"Loss/train":0.3590480204254987,"_runtime":168.125657551,"_wandb":{"runtime":168},"best_eval_loss":0.38263497263202034,"width_values_histogram":{"bins":[0.9624806046485901,0.9811220169067383,0.9997633695602417,1.0184047222137451,1.037046194076538,1.0556875467300415,1.074328899383545,1.0929702520370483,1.1116117238998413,1.1302530765533447,1.1488944292068481,1.1675359010696411,1.1861772537231445,1.204818606376648,1.2234599590301514,1.2421014308929443,1.2607427835464478,1.2793841361999512,1.2980254888534546,1.3166669607162476,1.335308313369751,1.3539496660232544,1.3725911378860474,1.3912324905395508,1.4098738431930542,1.4285151958465576,1.4471566677093506,1.465798020362854,1.4844393730163574,1.5030807256698608,1.5217221975326538,1.5403635501861572,1.5590049028396606,1.5776463747024536,1.596287727355957,1.6149290800094604,1.6335704326629639,1.6522119045257568,1.6708532571792603,1.6894946098327637,1.708135962486267,1.72677743434906,1.7454187870025635,1.764060139656067,1.7827016115188599,1.8013429641723633,1.8199843168258667,1.8386256694793701,1.857267141342163,1.8759084939956665,1.89454984664917,1.9131911993026733,1.9318326711654663,1.9504740238189697,1.9691153764724731,1.9877568483352661,2.0063982009887695,2.0250396728515625,2.0436809062957764,2.0623223781585693,2.080963611602783,2.099605083465576,2.118246555328369,2.136887788772583,2.155529260635376],"_type":"histogram","values":[2,1,0,4,0,1,1,0,2,0,0,1,0,0,0,3,1,1,1,0,1,0,0,0,1,0,3,2,0,2,5,1,1,3,3,1,4,0,2,0,3,3,1,1,2,1,3,0,1,2,0,1,1,1,1,3,0,1,2,2,0,1,1,2]},"shift_values_histogram":{"_type":"histogram","values":[2,0,2,1,0,0,1,3,1,0,3,0,3,2,0,1,1,0,1,2,1,0,1,0,1,1,0,0,2,3,2,2,2,1,0,2,2,0,1,2,3,0,2,2,1,1,3,1,0,0,1,0,2,0,2,4,2,2,3,2,2,0,0,1],"bins":[0.5757076144218445,0.613132894039154,0.6505581736564636,0.6879833936691284,0.725408673286438,0.7628339529037476,0.8002592325210571,0.8376844525337219,0.8751097321510315,0.9125350117683411,0.9499602913856506,0.9873855113983154,1.024810791015625,1.0622360706329346,1.0996613502502441,1.1370866298675537,1.1745119094848633,1.2119371891021729,1.2493623495101929,1.2867876291275024,1.324212908744812,1.3616381883621216,1.3990634679794312,1.4364887475967407,1.4739140272140503,1.5113393068313599,1.5487644672393799,1.5861897468566895,1.623615026473999,1.6610403060913086,1.6984655857086182,1.7358908653259277,1.7733161449432373,1.8107414245605469,1.8481667041778564,1.8855918645858765,1.923017144203186,1.9604424238204956,1.9978677034378052,2.035292863845825,2.0727181434631348,2.1101434230804443,2.147568702697754,2.1849939823150635,2.222419261932373,2.2598445415496826,2.297269821166992,2.3346951007843018,2.3721203804016113,2.409545660018921,2.4469709396362305,2.48439621925354,2.5218214988708496,2.559246778488159,2.5966720581054688,2.6340973377227783,2.671522378921509,2.7089476585388184,2.746372938156128,2.7837982177734375,2.821223497390747,2.8586487770080566,2.896074056625366,2.933499336242676,2.9709246158599854]},"_step":1079,"shift_mean_layer_1":1.850139856338501,"Loss/best_eval":0.38263497263202034,"shift_mean_layer_2":1.676845908164978,"_timestamp":1.7410920248655267e+09,"shift_mean_layer_3":1.7502212524414062,"width_mean_layer_0":1.5881069898605347,"width_mean_layer_4":1.8341336250305176,"epoch":16,"Loss/train_step":0.3408074378967285,"width_mean_layer_1":1.5295798778533936,"width_mean_layer_2":1.5058484077453613,"width_mean_layer_3":1.5614025592803955,"shift_mean_layer_0":1.9983673095703125,"shift_mean_layer_4":1.9557626247406006}