{"width_mean_layer_2":1.5820033550262451,"shift_mean_layer_0":1.9683456420898438,"width_mean_layer_0":1.6681782007217407,"width_mean_layer_4":1.8193212747573853,"width_mean_layer_3":1.6501033306121826,"_step":134,"shift_mean_layer_4":1.9926631450653076,"shift_mean_layer_3":1.7129526138305664,"width_mean_layer_1":1.62454092502594,"Loss/best_eval":0.9081903884650915,"Loss/train":0.8370587034652578,"_wandb":{"runtime":18},"shift_mean_layer_2":1.6688473224639893,"Loss/eval":0.9081903884650915,"shift_mean_layer_1":1.8114248514175415,"_timestamp":1.7410918320738287e+09,"best_eval_loss":0.9081903884650915,"Loss/train_step":0.8258318901062012,"shift_values_histogram":{"bins":[0.6177825331687927,0.6539512872695923,0.6901200413703918,0.7262887954711914,0.762457549571991,0.7986263036727905,0.8347950577735901,0.8709638118743896,0.9071325659751892,0.9433013200759888,0.9794700741767883,1.015638828277588,1.0518076419830322,1.087976336479187,1.1241451501846313,1.1603138446807861,1.1964826583862305,1.2326513528823853,1.2688201665878296,1.3049888610839844,1.3411576747894287,1.3773263692855835,1.4134951829910278,1.4496638774871826,1.485832691192627,1.5220013856887817,1.558170199394226,1.5943388938903809,1.6305077075958252,1.66667640209198,1.7028452157974243,1.739013910293579,1.7751827239990234,1.8113514184951782,1.8475202322006226,1.8836889266967773,1.9198577404022217,1.9560264348983765,1.9921952486038208,2.0283639430999756,2.06453275680542,2.1007015705108643,2.1368701457977295,2.173038959503174,2.209207773208618,2.2453765869140625,2.2815451622009277,2.317713975906372,2.3538827896118164,2.3900516033172607,2.426220178604126,2.4623889923095703,2.4985578060150146,2.534726619720459,2.570895195007324,2.6070640087127686,2.643232822418213,2.6794016361236572,2.7155702114105225,2.751739025115967,2.787907838821411,2.8240766525268555,2.8602452278137207,2.896414041519165,2.9325828552246094],"_type":"histogram","values":[2,3,0,0,0,2,1,1,1,2,0,2,4,1,0,0,0,1,1,2,0,1,2,1,0,0,1,2,2,2,2,1,2,0,1,1,2,0,3,1,2,0,2,2,0,3,1,2,0,0,1,3,0,1,1,3,1,2,3,5,0,0,0,1]},"width_values_histogram":{"bins":[1.1172029972076416,1.1337590217590332,1.1503149271011353,1.1668709516525269,1.183426856994629,1.1999828815460205,1.2165387868881226,1.2330948114395142,1.2496507167816162,1.2662067413330078,1.2827626466751099,1.2993186712265015,1.3158745765686035,1.3324306011199951,1.3489865064620972,1.3655425310134888,1.3820984363555908,1.3986544609069824,1.415210485458374,1.431766390800476,1.4483224153518677,1.4648783206939697,1.4814343452453613,1.4979902505874634,1.514546275138855,1.531102180480957,1.5476582050323486,1.5642141103744507,1.5807701349258423,1.5973260402679443,1.613882064819336,1.630437970161438,1.6469939947128296,1.6635500192642212,1.6801059246063232,1.6966619491577148,1.713217854499817,1.7297738790512085,1.7463297843933105,1.7628858089447021,1.7794417142868042,1.7959977388381958,1.8125536441802979,1.8291096687316895,1.8456655740737915,1.862221598625183,1.8787775039672852,1.8953335285186768,1.9118895530700684,1.9284454584121704,1.945001482963562,1.961557388305664,1.9781134128570557,1.9946693181991577,2.0112252235412598,2.0277812480926514,2.044337272644043,2.0608932971954346,2.077449083328247,2.0940051078796387,2.1105611324310303,2.127117156982422,2.1436729431152344,2.160228967666626,2.1767849922180176],"_type":"histogram","values":[2,3,0,2,1,1,1,0,2,0,2,0,0,0,0,3,0,2,1,1,0,0,1,1,0,3,3,2,2,0,2,3,2,0,1,3,2,2,1,0,2,3,0,0,2,3,0,0,2,2,2,1,0,0,0,3,1,2,0,1,2,1,2,2]},"_runtime":18.828580369}