{"shift_mean_layer_3":1.8114194869995117,"width_mean_layer_7":1.636793613433838,"width_mean_layer_6":1.6820675134658813,"_timestamp":1.741181466246063e+09,"width_mean_layer_1":1.6220847368240356,"width_mean_layer_0":1.7037153244018555,"width_values_histogram":{"values":[5,7,9,1,4,11,4,6,4,5,0,2,3,0,2,2,4,4,4,4,7,4,3,5,2,3,4,3,7,5,2,6,5,8,3,4,5,6,5,4,3,0,2,2,4,4,3,6,1,4,8,3,1,6,4,2,4,5,4,3,3,2,5,5],"bins":[1.1688201427459717,1.1848256587982178,1.2008311748504639,1.21683669090271,1.2328420877456665,1.2488476037979126,1.2648531198501587,1.2808586359024048,1.2968641519546509,1.312869668006897,1.3288750648498535,1.3448805809020996,1.3608860969543457,1.3768916130065918,1.392897129058838,1.408902645111084,1.42490816116333,1.4409135580062866,1.4569190740585327,1.4729245901107788,1.488930106163025,1.504935622215271,1.520941138267517,1.5369465351104736,1.5529520511627197,1.5689575672149658,1.584963083267212,1.600968599319458,1.616974115371704,1.6329795122146606,1.6489850282669067,1.6649905443191528,1.680996060371399,1.697001576423645,1.7130070924758911,1.7290126085281372,1.7450180053710938,1.7610235214233398,1.777029037475586,1.793034553527832,1.8090400695800781,1.8250455856323242,1.8410509824752808,1.8570564985275269,1.873062014579773,1.889067530632019,1.9050730466842651,1.9210785627365112,1.9370839595794678,1.9530894756317139,1.96909499168396,1.985100507736206,2.001106023788452,2.0171115398406982,2.0331170558929443,2.0491225719451904,2.0651280879974365,2.0811336040496826,2.0971388816833496,2.1131443977355957,2.129149913787842,2.145155429840088,2.161160945892334,2.17716646194458,2.193171977996826],"_type":"histogram"},"shift_mean_layer_1":1.7797861099243164,"shift_mean_layer_2":1.9952232837677002,"_wandb":{"runtime":10},"epoch":0,"width_mean_layer_4":1.620889663696289,"shift_mean_layer_6":1.9139697551727295,"shift_values_histogram":{"_type":"histogram","values":[5,6,5,6,0,3,7,5,4,4,4,3,3,1,1,3,1,0,2,2,1,7,3,3,7,5,2,4,4,1,3,4,3,7,5,2,8,4,7,4,4,7,6,6,2,1,2,4,3,4,3,7,3,8,4,2,7,3,8,4,4,4,2,9],"bins":[0.6035335063934326,0.6409180164337158,0.678302526473999,0.7156870365142822,0.7530715465545654,0.7904560565948486,0.8278405666351318,0.865225076675415,0.9026095867156982,0.9399940371513367,0.9773785471916199,1.0147631168365479,1.052147626876831,1.0895321369171143,1.1269166469573975,1.1643011569976807,1.2016856670379639,1.2390700578689575,1.2764545679092407,1.313839077949524,1.3512235879898071,1.3886080980300903,1.4259926080703735,1.4633771181106567,1.50076162815094,1.5381461381912231,1.5755306482315063,1.6129151582717896,1.6502996683120728,1.687684178352356,1.7250686883926392,1.7624531984329224,1.7998377084732056,1.8372222185134888,1.874606728553772,1.9119912385940552,1.9493757486343384,1.9867602586746216,2.0241446495056152,2.0615291595458984,2.0989136695861816,2.136298179626465,2.173682689666748,2.2110671997070312,2.2484517097473145,2.2858362197875977,2.323220729827881,2.360605239868164,2.3979897499084473,2.4353742599487305,2.4727587699890137,2.510143280029297,2.54752779006958,2.5849123001098633,2.6222968101501465,2.6596813201904297,2.697065830230713,2.734450340270996,2.7718348503112793,2.8092193603515625,2.8466038703918457,2.883988380432129,2.921372890472412,2.9587574005126953,2.9961419105529785]},"width_mean_layer_5":1.686407208442688,"Loss/train_step":1.080176591873169,"_runtime":10.05032301,"width_mean_layer_2":1.7097294330596924,"width_mean_layer_3":1.6302220821380615,"shift_mean_layer_7":1.801532506942749,"shift_mean_layer_4":1.7902090549468994,"shift_mean_layer_5":1.9232631921768188,"shift_mean_layer_0":1.9621756076812744,"_step":29}